,count,mean,std,min,max
xmeas_1,15330000,0.2578316096104708,0.14094535280245613,-0.0049855,1.0175
xmeas_2,15330000,3664.629988662754,42.9082829837973,3308.4,3906.7
xmeas_3,15330000,4508.765881095889,107.00586568771507,3540.7,5175.8
xmeas_4,15330000,9.381277741898243,0.3671575752589626,6.6399,12.24
xmeas_5,15330000,26.901455842139615,0.22823613933109324,25.348,28.565
xmeas_6,15330000,42.37013951682972,0.3164790500520792,39.656,44.653
xmeas_7,15330000,2723.4800137312477,76.37017569804561,2413.8,3000.5
xmeas_8,15330000,74.87145568284407,1.281250559171013,61.132,87.189
xmeas_9,15330000,120.40012273515978,0.06853335675332814,119.61,121.01
xmeas_10,15330000,0.34465382348904156,0.08080114951008498,0.018396,0.82073
xmeas_11,15330000,79.73392268167002,1.77316949497813,68.097,87.591
xmeas_12,15330000,49.98552005238102,0.9998867585615485,44.627,55.481
xmeas_13,15330000,2651.5946831963465,77.26789570111728,2317.1,2945.4
xmeas_14,15330000,25.112100445596848,1.1066083229353052,18.436,33.092
xmeas_15,15330000,49.95626844174818,1.01447928500237,44.311,55.912
xmeas_16,15330000,3121.236902720158,77.70349710068254,2870.4,3452.7
xmeas_17,15330000,22.93147742289628,0.6471774234883989,19.137,27.239
xmeas_18,15330000,66.00394001774293,1.7280077076047906,52.119,74.699
xmeas_19,15330000,246.08193041307183,67.13360360950779,-3.5372,466.71
xmeas_20,15330000,340.81898157142854,11.137603156478338,230.15,400.71
xmeas_21,15330000,94.43661220737116,1.2383032262689597,79.898,100.28
xmeas_22,15330000,77.06384846275283,1.3175521913548878,62.636,83.808
xmeas_23,15330000,32.020884736203534,1.7396392229225743,23.225,40.211
xmeas_24,15330000,8.870600310163077,0.22550693245779527,7.4438,10.345
xmeas_25,15330000,26.770697422570155,1.8829537941126642,16.909,36.469
xmeas_26,15330000,6.871069122778865,0.1350346429418342,5.8989,7.8854
xmeas_27,15330000,18.676462971559026,0.9945415210313003,12.047,26.922
xmeas_28,15330000,1.628602613127203,0.12681487410404357,0.8848,2.1649
xmeas_29,15330000,32.71400053946509,2.619104415021226,20.001,45.408
xmeas_30,15330000,13.789649326157855,0.2892214802061143,11.786,15.823
xmeas_31,15330000,24.563410858447522,2.8925795141318074,10.296,39.239
xmeas_32,15330000,1.248006655069797,0.14949362799039836,0.24694,2.6509
xmeas_33,15330000,18.42282841895629,1.3952276164090684,9.6631,29.76
xmeas_34,15330000,2.2221433227658203,0.1729272694494528,1.2549,2.973
xmeas_35,15330000,4.776142282165689,0.3430050783050203,3.0393,6.4972
xmeas_36,15330000,2.2633451272928884,0.18173593441730881,1.3402,3.1193
xmeas_37,15330000,0.017869074754933892,0.010197328829348174,-0.030974,0.066926
xmeas_38,15330000,0.8364804510665352,0.09163425398052759,0.38907,1.7097
xmeas_39,15330000,0.0973416144647749,0.013301296607041293,0.020311,0.17369
xmeas_40,15330000,53.73542711643837,0.5857631057760755,50.03,57.124
xmeas_41,15330000,43.80436072928898,0.6115602417976083,40.024,47.344
xmv_1,15330000,63.85588841585128,4.755545786485195,28.116,100.0
xmv_2,15330000,54.56397666349639,6.753466943609772,7.3484,100.0
xmv_3,15330000,29.480435721234226,19.39544488375578,-0.35866,100.21
xmv_4,15330000,63.461071328557665,8.219345748029186,-0.0052226,100.02
xmv_5,15330000,23.12505785710967,11.922722770280227,-0.10688,100.11
xmv_6,15330000,39.50934852152201,12.795153057142764,0.0,97.528
xmv_7,15330000,38.05738590613173,2.9425254020023757,22.288,54.23
xmv_8,15330000,46.43279241474235,2.347796075448642,33.369,60.216
xmv_9,15330000,49.87649130722854,17.14415104934613,-0.68342,100.58
xmv_10,15330000,41.96304970125984,11.003193050377403,-0.51565,100.61
xmv_11,15330000,19.15970678079617,7.6425188421150265,-0.0067742,100.01
